{"current":{"color_text":"#242728","color_body_text":"#3b3e40","color_sale_text":"#7796a8","color_gridprice_text":"#d08b17","color_borders":"#ededed","color_button":"#323d48","color_button_text":"#fff","color_small_button":"#fff","color_small_button_text":"#3d4246","color_text_field":"#fff","color_text_field_text":"#000","color_image_overlay_text":"#fff","color_image_overlay":"#3d4246","image_overlay_opacity":"0","color_body_bg":"#fff","type_header_family":"Google_Source+Sans+Pro_400_sans","type_header_base_size":"24px","type_base_family":"Google_Source+Sans+Pro_400_sans","type_base_size":"15px","type_gridprice_size":"18px","type_bold_product_titles":false,"share_facebook":true,"share_twitter":true,"share_pinterest":true,"social_twitter_link":"","social_facebook_link":"","social_pinterest_link":"","social_instagram_link":"","social_tumblr_link":"","social_snapchat_link":"","social_youtube_link":"","social_vimeo_link":"","favicon":"shopify:\/\/shop_images\/rg-favicon_34082154-b6a5-4c85-afd1-8f3529d0ccb8.png","checkout_header_image":"shopify:\/\/shop_images\/iStock_85665689_Cropped1400.300_697bf4a5-db11-4a30-b9ac-6642c47d88cf.jpg","checkout_logo_image":"shopify:\/\/shop_images\/General_Logo_White_410px_93adfd74-4af0-407c-8f94-94b7a0ba149f.png","checkout_logo_position":"center","checkout_logo_size":"medium","checkout_body_background_image":"","checkout_body_background_color":"#fff","checkout_input_background_color_mode":"white","checkout_sidebar_background_image":"","checkout_sidebar_background_color":"#fafafa","checkout_heading_font":"Source Sans Pro","checkout_body_font":"Source Sans Pro","checkout_accent_color":"#1990c6","checkout_button_color":"#0f465f","checkout_error_color":"#ff6d6d","type_prodprice_size":"18px","sections":{"header":{"type":"header","settings":{"align_logo":"left","logo":"shopify:\/\/shop_images\/General_Logo_Grey_800px_73d73ed1-179e-47a7-aebd-f76ca4fca761.png","logo_max_width":"180","main_linklist":"main-menu","message":false,"home_page_only":false,"message_text":"","message_link":"","color_bg":"#7796a8","color_text":"#fff"}},"hero":{"type":"hero","settings":{"image":"shopify:\/\/shop_images\/iStock_85665689_Cropped1400.280.jpg","alignment":"bottom","title":"","text":"<p>Specialist Supplier of Poker &amp; Gaming Equipment<\/p>","hero_size":"x-small","text_size":"medium","button_label":"Free Delivery On Everything*","button_link":"shopify:\/\/pages\/delivery-info"}},"featured-collections":{"type":"collection","settings":{"title":"Riverboat Gaming Products","collection":"our-products","grid":"3","rows":"5","show_vendor":false,"show_view_all":true}},"footer":{"type":"footer","settings":{"footer_linklist":"footer","footer_linklist_two":"","footer_newsletter_enable":false,"show_payment_icons":true}},"1497959875410":{"type":"featured-blog","settings":{"title":"Poker Articles and Information","blog":"poker-related-news-articles-and-information","post_limit":"3","blog_show_author":false,"blog_show_date":false,"show_view_all":true}},"1497959977432":{"type":"collection-list","blocks":{"1497959977432-0":{"type":"featured_collection","settings":{"collection":"poker-chips"}},"1497959977432-1":{"type":"featured_collection","settings":{"collection":"poker-table-tops"}},"1497959977432-2":{"type":"featured_collection","settings":{"collection":"freestanding-poker-tables"}}},"block_order":["1497959977432-0","1497959977432-1","1497959977432-2"],"settings":{"title":"","grid":"3"}},"product-template":{"type":"product-template","settings":{"image_size":"large","show_quantity_selector":true,"show_variant_labels":false,"show_vendor":false,"enable_zoom":true,"show_share_buttons":true}},"cart-template":{"type":"cart-template","settings":{"cart_notes_enable":false}},"collection-template":{"type":"collection-template","settings":{"layout":"grid","grid":"3","rows":"8","show_collection_image":false,"show_vendor":false,"sort_enable":true,"tags_enable":false}},"related-products":{"type":"related-products","settings":{"show_related_products":true,"related_title":"You May Also be Interested In","related_grid_num":"4","related_grid_row":"1"}}},"content_for_index":["hero","1497959977432","featured-collections","1497959875410"]},"presets":{"Default":{"color_text":"#3d4246","color_body_text":"#788188","color_sale_text":"#7796A8","color_borders":"#e8e9eb","color_button":"#7796A8","color_button_text":"#fff","color_small_button":"#fff","color_small_button_text":"#3d4246","color_text_field":"#fff","color_text_field_text":"#000","color_image_overlay_text":"#fff","color_image_overlay":"#3d4246","image_overlay_opacity":"0.25","color_body_bg":"#fff","type_header_family":"Google_Work+Sans_600_sans","type_header_base_size":"26px","type_base_family":"Google_Work+Sans_400_sans","type_base_size":"16px","type_bold_product_titles":false,"share_facebook":true,"share_twitter":true,"share_pinterest":true,"sections":{"header":{"type":"header","settings":{}},"hero":{"type":"hero","settings":{"text_size":"large"}},"slideshow":{"type":"slideshow","blocks":{"slideshow-0":{"type":"image","settings":{}},"slideshow-1":{"type":"image","settings":{}}},"block_order":["slideshow-0","slideshow-1"],"settings":{}},"featured-collections":{"type":"collection","settings":{"collection":"frontpage"}},"feature-row":{"type":"feature-row","settings":{}},"footer":{"type":"footer","settings":{"footer_linklist_two":""}}},"content_for_index":["hero","featured-collections","feature-row","slideshow"]},"Light":{"color_text":"#162950","color_body_text":"#757575","color_sale_text":"#ff574f","color_borders":"#e4e4e4","color_button":"#ff574f","color_button_text":"#ffffff","color_small_button":"#eaeaea","color_small_button_text":"#162950","color_text_field":"#ffffff","color_text_field_text":"#162950","color_image_overlay_text":"#ffffff","color_image_overlay":"#3d3d3d","image_overlay_opacity":"0.3","color_body_bg":"#f8f8f8","type_header_family":"Google_Muli_600_sans","type_header_base_size":"26px","type_base_family":"Google_Muli_600_sans","type_base_size":"18px","type_bold_product_titles":true,"share_facebook":true,"share_twitter":true,"share_pinterest":true,"social_twitter_link":"","social_facebook_link":"","social_pinterest_link":"","social_instagram_link":"","social_tumblr_link":"","social_snapchat_link":"","social_youtube_link":"","social_vimeo_link":"","favicon":"","checkout_header_image":"","checkout_logo_image":"","checkout_logo_position":"left","checkout_logo_size":"small","checkout_body_background_image":"","checkout_body_background_color":"#ffffff","checkout_input_background_color_mode":"white","checkout_sidebar_background_image":"","checkout_sidebar_background_color":"#e8f3f6","checkout_heading_font":"Roboto","checkout_body_font":"Source Sans Pro","checkout_accent_color":"#1990c6","checkout_button_color":"#23314e","checkout_error_color":"#ff6d6d","sections":{"header":{"type":"header","settings":{"align_logo":"left","logo":"","logo_max_width":"135","main_linklist":"main-menu","message":true,"color_bg":"#162950","color_text":"#ffffff"}},"hero":{"type":"hero","settings":{"alignment":"center","hero_size":"x-large","text_size":"large"}},"slideshow":{"type":"slideshow","blocks":{"slideshow-0":{"type":"image","settings":{"image":"","alignment":"center"}},"1492095993817":{"type":"image","settings":{"image":"","alignment":"center"}}},"block_order":["slideshow-0","1492095993817"],"settings":{"autoplay":true,"autoplay_speed":"6000","slideshow_height":"medium","text_size":"medium"}},"featured-collections":{"type":"collection","settings":{"grid":"3","rows":"1","show_vendor":true,"show_view_all":true}},"footer":{"type":"footer","settings":{"footer_linklist":"main-menu","footer_linklist_two":"footer","footer_newsletter_enable":true,"show_payment_icons":true}},"product-template":{"type":"product-template","settings":{"image_size":"medium","show_quantity_selector":false,"show_variant_labels":true,"show_vendor":false,"enable_zoom":true,"show_share_buttons":true}},"collection-template":{"type":"collection-template","settings":{"layout":"grid","grid":"2","rows":"2","show_collection_image":true,"show_vendor":false,"sort_enable":true,"tags_enable":true}},"1492033809691":{"type":"map","settings":{"show_button":true}},"1492033877875":{"type":"quotes","blocks":{"1492033877875-0":{"type":"quote","settings":{}}},"block_order":["1492033877875-0"],"settings":{}},"1492033924902":{"type":"custom-content","blocks":{"1492033924902-0":{"type":"text","settings":{"width":"100%","alignment":"center","align_text":"center"}}},"block_order":["1492033924902-0"],"settings":{"title":""}},"1492096252560":{"type":"collection-list","blocks":{"1492096252560-0":{"type":"featured_collection","settings":{}},"1492096252560-1":{"type":"featured_collection","settings":{}},"1492096252560-2":{"type":"featured_collection","settings":{}}},"block_order":["1492096252560-0","1492096252560-1","1492096252560-2"],"settings":{"grid":"3"}},"blog-template":{"type":"blog-template","settings":{"layout":"grid","blog_show_author":true,"blog_show_date":false}},"article-template":{"type":"article-template","settings":{"blog_show_author":true,"blog_show_date":true,"show_share_buttons":true}},"cart-template":{"type":"cart-template","settings":{"cart_notes_enable":false}}},"content_for_index":["hero","featured-collections","slideshow","1492033924902","1492096252560","1492033877875","1492033809691"]}}}